nama_pelatihan;penyelenggara;tahun
Diklat Fungsional Pemeriksa Dasar;Pusat Pendidikan dan Pelatihan Pajak;2018
Diklat Teknis Substantif Spesialisasi Pemeriksa Pajak Daerah ;Pusat Pendidikan dan Pelatihan Pajak;2018
DTS Perpajakan Menengah ;Pusat Pendidikan dan Pelatihan Pajak;2018
DTSS Account Representative Dasar;Pusat Pendidikan dan Pelatihan Pajak;2018
DTSS Analis IDLP Dasar;Pusat Pendidikan dan Pelatihan Pajak;2018
DTSS Forensik Digital Perpajakan;Pusat Pendidikan dan Pelatihan Pajak;2018
DTSS Forensik Digital Perpajakan Menengah;Pusat Pendidikan dan Pelatihan Pajak;2018
DTSS Juru Sita Pajak;Pusat Pendidikan dan Pelatihan Pajak;2018
DTSS Juru Sita Pajak Lanjutan ;Pusat Pendidikan dan Pelatihan Pajak;2018
DTSS Jurusita Pajak Daerah Kerja Sama Program Diklat Pusdiklat Pajak-BPPK Dengan Pemerintah Kota Padang;Pusat Pendidikan dan Pelatihan Pajak;2018
DTSS Manajemen Data dan Informasi ;Pusat Pendidikan dan Pelatihan Pajak;2018
DTSS Manajemen Ekstensifikasi dan Penyuluhan;Pusat Pendidikan dan Pelatihan Pajak;2018
DTSS Manajemen Keberatan dan Banding;Pusat Pendidikan dan Pelatihan Pajak;2018
DTSS Manajemen Pelayanan;Pusat Pendidikan dan Pelatihan Pajak;2018
DTSS Manajemen Pemeriksaan;Pusat Pendidikan dan Pelatihan Pajak;2018
DTSS Manajemen Penagihan;Pusat Pendidikan dan Pelatihan Pajak;2018
DTSS Manajemen Pengawasan dan Konsultasi (WASKON) II, III dan IV (Pengawasan);Pusat Pendidikan dan Pelatihan Pajak;2018
DTSS Manajemen Pengawasan dan Konsultasi I (Pelayanan);Pusat Pendidikan dan Pelatihan Pajak;2018
DTSS Manajemen PPNS;Pusat Pendidikan dan Pelatihan Pajak;2018
DTSS Operator Console Pajak;Pusat Pendidikan dan Pelatihan Pajak;2018
DTSS Pemeriksa Pajak Daerah Kerja Sama Program Diklat Pusdiklat Pajak-BPPK Dengan Pemerintah Kota Padang;Pusat Pendidikan dan Pelatihan Pajak;2018
DTSS Pemeriksaan Bukti Permulaan;Pusat Pendidikan dan Pelatihan Pajak;2018
DTSS Penelaah Keberatan Dasar;Pusat Pendidikan dan Pelatihan Pajak;2018
DTSS Pengumpulan Data dan/atau Informasi Dasar;Pusat Pendidikan dan Pelatihan Pajak;2018
DTSS Pengumpulan Data dan/atau Informasi Lanjutan;Pusat Pendidikan dan Pelatihan Pajak;2018
DTSS Penyuluh Perpajakan;Pusat Pendidikan dan Pelatihan Pajak;2018
DTSS Perpajakan untuk Pegawai non DJP;Pusat Pendidikan dan Pelatihan Pajak;2018
DTSS Petugas Ekstensifikasi;Pusat Pendidikan dan Pelatihan Pajak;2018
DTSS Petugas Tempat Pelayanan Terpadu (TPT);Pusat Pendidikan dan Pelatihan Pajak;2018
DTSS PPNS;Pusat Pendidikan dan Pelatihan Pajak;2018
DTSS Tax Treaty Tingkat Dasar;Pusat Pendidikan dan Pelatihan Pajak;2018
DTSS Teknik Audit Berbantuan Komputer Perpajakan;Pusat Pendidikan dan Pelatihan Pajak;2018
DTSS Tindak Pidana Perpajakan (Untuk Jaksa dan Penyidik);Pusat Pendidikan dan Pelatihan Pajak;2018
DTSS Transfer Pricing Dasar;Pusat Pendidikan dan Pelatihan Pajak;2018
DTU Orientasi untuk Pegawai Pajak;Pusat Pendidikan dan Pelatihan Pajak;2018
E-Learning Account Representative Dasar;Pusat Pendidikan dan Pelatihan Pajak;2021
E-Learning Administrator Sistem;Pusat Pendidikan dan Pelatihan Pajak;2019
E-Learning Akuntansi Pajak Dasar (Open Access);Pusat Pendidikan dan Pelatihan Pajak;2020
E-Learning Akuntansi Pajak Dasar (Seri);Pusat Pendidikan dan Pelatihan Pajak;2020
E-Learning Analisis Laporan Keuangan dan Surat Pemberitahuan (ALK dan SPT) Dasar (Open Access);Pusat Pendidikan dan Pelatihan Pajak;2020
E-Learning Analisis Laporan Keuangan dan Surat Pemberitahuan (ALK dan SPT) Dasar (Seri);Pusat Pendidikan dan Pelatihan Pajak;2020
E-learning Fungsional Pemeriksa Pajak Dasar (Open Access);Pusat Pendidikan dan Pelatihan Pajak;2020
E-Learning Fungsional Pemeriksa Pajak di Lingkungan Kanwil DJP Jawa Tengah II dan Kanwil DJP Daerah Istimewa Yogyakarta;Pusat Pendidikan dan Pelatihan Pajak;2020
E-learning Gambaran Umum Proses Bisnis Sistem Inti Administrasi Perpajakan;Pusat Pendidikan dan Pelatihan Pajak;2022
E-Learning Hukum Pajak Dasar (Open Access);Pusat Pendidikan dan Pelatihan Pajak;2020
E-learning Hukum Pajak Dasar (Open Access-Public);Pusat Pendidikan dan Pelatihan Pajak;2020
E-Learning Hukum Pajak Dasar (Seri);Pusat Pendidikan dan Pelatihan Pajak;2020
E-Learning Ketentuan Umum dan Tata Cara Perpajakan (KUP) Dasar (Open Access);Pusat Pendidikan dan Pelatihan Pajak;2020
E-Learning Ketentuan Umum dan Tata Cara Perpajakan (KUP) Dasar (Seri);Pusat Pendidikan dan Pelatihan Pajak;2020
E-Learning Pajak Dasar;Pusat Pendidikan dan Pelatihan Pajak;2019
E-learning Pajak Internasional Dasar;Pusat Pendidikan dan Pelatihan Pajak;2021
E-Learning Pajak Penghasilan (PPh) Dasar (Open Access);Pusat Pendidikan dan Pelatihan Pajak;2020
E-Learning Pajak Penghasilan (PPh) Dasar (Seri);Pusat Pendidikan dan Pelatihan Pajak;2020
E-Learning Pajak Pertambahan Nilai dan Pajak Penjualan atas Barang Mewah (PPN dan PPn BM) Dasar (Open Access);Pusat Pendidikan dan Pelatihan Pajak;2020
E-Learning Pajak Pertambahan Nilai dan Pajak Penjualan atas Barang Mewah (PPN dan PPn BM) Dasar (Seri);Pusat Pendidikan dan Pelatihan Pajak;2020
E-Learning Pelaporan SPT Tahunan bagi ASN Kemenkeu (Open Access);Pusat Pendidikan dan Pelatihan Pajak;2020
E-Learning Pembaruan Sistem Inti Administrasi Perpajakan (PSIAP) Seri Digital Mindset;Pusat Pendidikan dan Pelatihan Pajak;2021
E-Learning Pembaruan Sistem Inti Administrasi Perpajakan (PSIAP) Seri Unlocking Mindset;Pusat Pendidikan dan Pelatihan Pajak;2021
E-learning Pembekalan Secondment: Proses Bisnis Perpajakan;Pusat Pendidikan dan Pelatihan Pajak;2020
E-Learning Pemotongan dan Pemungutan Pajak Penghasilan (Potput PPh) Dasar (Open Access);Pusat Pendidikan dan Pelatihan Pajak;2020
E-Learning Pemotongan dan Pemungutan Pajak Penghasilan (Potput PPh) Dasar (Seri);Pusat Pendidikan dan Pelatihan Pajak;2020
E-learning Penagihan Pajak Daerah (Open Access-Public);Pusat Pendidikan dan Pelatihan Pajak;2020
E-Learning Pengantar E-Audit Perpajakan;Pusat Pendidikan dan Pelatihan Pajak;2024
E-Learning Pengantar Fungsional Penyuluh Pajak Dasar;Pusat Pendidikan dan Pelatihan Pajak;2021
E-learning Pengantar Hukum dan Teknologi Informasi untuk Forensik Digital Perpajakan;Pusat Pendidikan dan Pelatihan Pajak;2020
E-Learning Pengantar Pemeriksaan Bukti Permulaan ;Pusat Pendidikan dan Pelatihan Pajak;2020
E-learning Pengantar Pemeriksaan Bukti Permulaan (Open Access-Kemenkeu);Pusat Pendidikan dan Pelatihan Pajak;2020
E-learning Pengantar Perpajakan Internasional Dasar (Open Access);Pusat Pendidikan dan Pelatihan Pajak;2020
E-Learning Pengantar Perpajakan Internasional Dasar (Seri);Pusat Pendidikan dan Pelatihan Pajak;2020
E-Learning Pengawasan atas DJP: Pengenalan Proses Bisnis Manajemen Data dan Informasi serta Aplikasi CoreTax Modul Pendaftaran, Pengelolaan SPT, Pembayaran, dan TAM;Pusat Pendidikan dan Pelatihan Pajak;2024
E-Learning Pengawasan atas DJP: Pengenalan Proses Bisnis To Be Business Intelligence;Pusat Pendidikan dan Pelatihan Pajak;2024
E-Learning Pengawasan atas DJP: Pengenalan Proses Bisnis To Be Compliance Risk Management;Pusat Pendidikan dan Pelatihan Pajak;2024
E-Learning Pengawasan atas DJP: Pengenalan Proses Bisnis To Be Ekstensifikasi;Pusat Pendidikan dan Pelatihan Pajak;2024
E-Learning Pengawasan atas DJP: Pengenalan Proses Bisnis To Be Intelijen Perpajakan (Operational Intelligence);Pusat Pendidikan dan Pelatihan Pajak;2024
E-Learning Pengawasan atas DJP: Pengenalan Proses Bisnis To Be Keberatan dan Banding;Pusat Pendidikan dan Pelatihan Pajak;2024
E-Learning Pengawasan atas DJP: Pengenalan Proses Bisnis To Be Knowledge Management;Pusat Pendidikan dan Pelatihan Pajak;2024
E-Learning Pengawasan atas DJP: Pengenalan Proses Bisnis To Be Layanan Perpajakan;Pusat Pendidikan dan Pelatihan Pajak;2024
E-Learning Pengawasan atas DJP: Pengenalan Proses Bisnis To Be Non Keberatan;Pusat Pendidikan dan Pelatihan Pajak;2024
E-Learning Pengawasan atas DJP: Pengenalan Proses Bisnis To Be Pembayaran;Pusat Pendidikan dan Pelatihan Pajak;2024
E-Learning Pengawasan atas DJP: Pengenalan Proses Bisnis To Be Pemeriksaan;Pusat Pendidikan dan Pelatihan Pajak;2024
E-Learning Pengawasan atas DJP: Pengenalan Proses Bisnis To Be Penagihan;Pusat Pendidikan dan Pelatihan Pajak;2024
E-Learning Pengawasan atas DJP: Pengenalan Proses Bisnis To Be Penegakan Hukum Pidana Bidang Perpajakan (Criminal Investigation);Pusat Pendidikan dan Pelatihan Pajak;2024
E-Learning Pengawasan atas DJP: Pengenalan Proses Bisnis To Be Pengawasan;Pusat Pendidikan dan Pelatihan Pajak;2024
E-Learning Pengawasan atas DJP: Pengenalan Proses Bisnis To Be Pengelolaan SPT;Pusat Pendidikan dan Pelatihan Pajak;2024
E-Learning Pengawasan atas DJP: Pengenalan Proses Bisnis To Be Penilaian;Pusat Pendidikan dan Pelatihan Pajak;2024
E-Learning Pengawasan atas DJP: Pengenalan Proses Bisnis To Be Registrasi;Pusat Pendidikan dan Pelatihan Pajak;2024
E-Learning Pengawasan atas DJP: Pengenalan Proses Bisnis To Be Taxpayer Account Management;Pusat Pendidikan dan Pelatihan Pajak;2024
E-learning Pengisian SPT Tahunan (Open Access-Public);Pusat Pendidikan dan Pelatihan Pajak;2020
E-Learning Penilaian Properti, Pajak Bumi, dan Bangunan (PBB) P3L, dan Bea Meterai Dasar (Open Access);Pusat Pendidikan dan Pelatihan Pajak;2020
E-Learning Penilaian Properti, Pajak Bumi, dan Bangunan (PBB) P3L, dan Bea Meterai Dasar (Seri);Pusat Pendidikan dan Pelatihan Pajak;2020
E-learning Penilaian Properti, PBB P3L dan Bea Meterai Dasar (Open Access-Public);Pusat Pendidikan dan Pelatihan Pajak;2020
E-learning Penilaian Properti, PBB P5L, dan Bea Meterai (Open Access-Public);Pusat Pendidikan dan Pelatihan Pajak;2021
E-Learning Penilaian Properti, PBB P5L, dan Bea Meterai (Seri);Pusat Pendidikan dan Pelatihan Pajak;2022
E-Learning Perpajakan bagi Instansi  Pemerintah (Open Access);Pusat Pendidikan dan Pelatihan Pajak;2023
E-learning Perpajakan Internasional;Pusat Pendidikan dan Pelatihan Pajak;2021
E-Learning Perpajakan Internasional Tingkat Dasar (Open Access);Pusat Pendidikan dan Pelatihan Pajak;2020
E-Learning Perpajakan untuk Inspektorat Jenderal;Pusat Pendidikan dan Pelatihan Pajak;2020
E-Learning Perpajakan untuk Pegawai Non DJP;Pusat Pendidikan dan Pelatihan Pajak;2020
E-Learning Perpajakan untuk Pegawai Non DJP (DJBC);Pusat Pendidikan dan Pelatihan Pajak;2021
E-Learning Perpajakan untuk Pegawai Non DJP (Sekretariat Jenderal);Pusat Pendidikan dan Pelatihan Pajak;2022
E-Learning Perpajakan untuk Pegawai Non DJP (Sekretariat Pengadilan Pajak);Pusat Pendidikan dan Pelatihan Pajak;2021
E-learning Potput PPh Dasar (Open Access-Public);Pusat Pendidikan dan Pelatihan Pajak;2020
E-learning PPh Dasar (Open Access-Public);Pusat Pendidikan dan Pelatihan Pajak;2020
E-learning PPN dan PPn BM Dasar (Open Access-Public);Pusat Pendidikan dan Pelatihan Pajak;2020
E-learning Proses Bisnis Business Intelligence;Pusat Pendidikan dan Pelatihan Pajak;2022
E-learning Proses Bisnis Compliance Risk Management;Pusat Pendidikan dan Pelatihan Pajak;2022
E-Learning Proses Bisnis Direktorat Jenderal Pajak untuk Pegawai Direktorat Jenderal Bea dan Cukai;Pusat Pendidikan dan Pelatihan Pajak;2023
E-Learning Proses Bisnis DJP untuk Pegawai DJBC;Pusat Pendidikan dan Pelatihan Pajak;2021
E-Learning Proses Bisnis DJP untuk Pegawai Inspektorat Jenderal;Pusat Pendidikan dan Pelatihan Pajak;2021
E-Learning Proses Bisnis Ekstensifikasi;Pusat Pendidikan dan Pelatihan Pajak;2022
E-learning Proses Bisnis Intelijen Perpajakan (Operational Intelligence);Pusat Pendidikan dan Pelatihan Pajak;2022
E-learning Proses Bisnis Keberatan dan Banding;Pusat Pendidikan dan Pelatihan Pajak;2022
E-learning Proses Bisnis Klaster Business Inteligence dan Compliance Risk Management;Pusat Pendidikan dan Pelatihan Pajak;2023
E-learning Proses Bisnis Klaster Keberatan dan Non-Keberatan;Pusat Pendidikan dan Pelatihan Pajak;2023
E-Learning Proses Bisnis Klaster Manajemen Data dan Informasi;Pusat Pendidikan dan Pelatihan Pajak;2023
E-learning Proses Bisnis Klaster Pelayanan;Pusat Pendidikan dan Pelatihan Pajak;2023
E-learning Proses Bisnis Klaster Pemeriksaan;Pusat Pendidikan dan Pelatihan Pajak;2023
E-learning Proses Bisnis Klaster Penagihan;Pusat Pendidikan dan Pelatihan Pajak;2023
E-learning Proses Bisnis Klaster Pengawasan;Pusat Pendidikan dan Pelatihan Pajak;2023
E-learning Proses Bisnis Klaster Penilaian;Pusat Pendidikan dan Pelatihan Pajak;2023
E-Learning Proses Bisnis Knowledge Management;Pusat Pendidikan dan Pelatihan Pajak;2023
E-Learning Proses Bisnis Layanan Perpajakan;Pusat Pendidikan dan Pelatihan Pajak;2022
E-Learning Proses Bisnis Manajemen Data dan Informasi;Pusat Pendidikan dan Pelatihan Pajak;2023
E-Learning Proses Bisnis Non-Keberatan;Pusat Pendidikan dan Pelatihan Pajak;2023
E-Learning Proses Bisnis Pembayaran;Pusat Pendidikan dan Pelatihan Pajak;2022
E-Learning Proses Bisnis Pemeriksaan;Pusat Pendidikan dan Pelatihan Pajak;2023
E-Learning Proses Bisnis Penagihan;Pusat Pendidikan dan Pelatihan Pajak;2023
E-learning Proses Bisnis Penegakan Hukum Pidana Bidang Perpajakan (Criminal Investigation);Pusat Pendidikan dan Pelatihan Pajak;2022
E-Learning Proses Bisnis Pengawasan;Pusat Pendidikan dan Pelatihan Pajak;2023
E-learning Proses Bisnis Pengelolaan SPT;Pusat Pendidikan dan Pelatihan Pajak;2022
E-Learning Proses Bisnis Penilaian;Pusat Pendidikan dan Pelatihan Pajak;2022
E-Learning Proses Bisnis Prioritas Direktorat Jenderal Pajak untuk Pegawai Inspektorat Jenderal;Pusat Pendidikan dan Pelatihan Pajak;2022
E-Learning Proses Bisnis PSIAP Umum;Pusat Pendidikan dan Pelatihan Pajak;2023
E-learning Proses Bisnis Registrasi ;Pusat Pendidikan dan Pelatihan Pajak;2022
E-Learning Proses Bisnis Taxpayer Account Management;Pusat Pendidikan dan Pelatihan Pajak;2022
E-Learning Regulasi VAT Refund (Open Access);Pusat Pendidikan dan Pelatihan Pajak;2020
E-learning Sistem Inti Administrasi Perpajakan (SIAP) Modul Pendaftaran, Pengelolaan SPT, Pembayaran, dan TAM;Pusat Pendidikan dan Pelatihan Pajak;2023
FGD Pemblokiran Harta Wajib Pajak/Penanggung Pajak yang Tersimpan di Bank;Pusat Pendidikan dan Pelatihan Pajak;2021
"Kemenkeu Corporate University Open Class (KCOC) ""Komite Kepatuhan DJP: Edukasi dan Compliance Risk Management""";Pusat Pendidikan dan Pelatihan Pajak;2023
"Kemenkeu Corporate University Open Class (KCOC) ""Komite Kepatuhan DJP: Towards Taxpayer Compliance""";Pusat Pendidikan dan Pelatihan Pajak;2023
"Kemenkeu Corporate University Open Class (KCOC) ""Komite Kepatuhan Wajib Pajak: Pengawasan dan Tata Kelola Data""";Pusat Pendidikan dan Pelatihan Pajak;2023
"Kemenkeu Corporate University Open Class (KCOC) ""Pajak Fasilitas Kantor Berdasarkan PMK No.66/2023""";Pusat Pendidikan dan Pelatihan Pajak;2023
"Kemenkeu Corporate University Open Class (KCOC) ""Pajakku untuk Negeriku""";Pusat Pendidikan dan Pelatihan Pajak;2023
"Kemenkeu Corporate University Open Class (KCOC) ""Pemeriksaan dan Penegakan Hukum""";Pusat Pendidikan dan Pelatihan Pajak;2023
"Kemenkeu Corporate University Open Class (KCOC) ""Penerapan Tarif Efektif PPh 21 Berdasarkan PP Nomor 58 Tahun 2023""";Pusat Pendidikan dan Pelatihan Pajak;2024
"Kemenkeu Corporate University Open Class (KCOC) ""Peran Srikandi Pajak untuk Meningkatkan Kompetensi Pegawai dalam Rangka Mencapai Tujuan Organisasi""";Pusat Pendidikan dan Pelatihan Pajak;2023
"Kemenkeu Corporate University Open Class (KCOC) ""Sinkronisasi NPWP-NIK dan Pengisian SPT bagi UMKM Taat Pajak""";Pusat Pendidikan dan Pelatihan Pajak;2023
"Kemenkeu Corporate University Open Class (KCOC) ""Strategi Pengelolaan PPH Pasal 21 dan Overview Aplikasi Kalkulator Pajak""";Pusat Pendidikan dan Pelatihan Pajak;2024
Kemenkeu Corporate University Open Class (KCOC) “Kewajiban PPh atas Pemberian Imbalan Berbentuk Natura dan/atau Kenikmatan”;Pusat Pendidikan dan Pelatihan Pajak;2023
Kemenkeu Corporate University Open Class (KCOC) Pemberlakuan Tarif Efektif Rata-Rata (TER) dalam Penghitungan PPh Pasal 21 berdasarkan PMK 168/2023 dan PER 2/PJ/2024;Pusat Pendidikan dan Pelatihan Pajak;2024
"Kemenkeu Corporate University Open Class Uangku Episode 2: ""UMKM Mau Lapor SPT Pake NIK? Gampang Kok!""";Pusat Pendidikan dan Pelatihan Pajak;2023
Kemenkeu Corporate University Open Class UMKM Bangkit Bersama Kemenkeu (UANGKU);Pusat Pendidikan dan Pelatihan Pajak;2022
Kemenkeu Corpu Open Class “Bedah Putusan Peninjauan Kembali Sengketa PPN”;Pusat Pendidikan dan Pelatihan Pajak;2023
Kemenkeu Corpu Open Class “Kepailitan dan Penagihan Pajak Atas Wajib Pajak Dalam Pailit”;Pusat Pendidikan dan Pelatihan Pajak;2021
Kemenkeu Corpu Open Class Menangani Penolakan Wajib Pajak dengan Teknik DOM NLP (Disarming Objection Mastery Neuro Linguistic Programming);Pusat Pendidikan dan Pelatihan Pajak;2020
Kemenkeu Corpu Open Class Mengenal Bea Materai Lebih Dekat;Pusat Pendidikan dan Pelatihan Pajak;2020
Kemenkeu Corpu Open Class Ngobraskeun: Harmonisasi Peraturan Perpajakan Seri 1 (PPh dan PPS);Pusat Pendidikan dan Pelatihan Pajak;2022
Kemenkeu Corpu Open Class Pajak atas Belanja Barang dan Jasa Instansi Pemerintah;Pusat Pendidikan dan Pelatihan Pajak;2021
Kemenkeu Corpu Open Class Pengisian SPT Tahunan dengan e-Filing, Apa dan Bagaimana?;Pusat Pendidikan dan Pelatihan Pajak;2021
Lokakarya Administrasi Pemeriksaan Bukti Permulaan;Pusat Pendidikan dan Pelatihan Pajak;2018
Lokakarya Analisis Laporan Keuangan;Pusat Pendidikan dan Pelatihan Pajak;2019
Lokakarya Bahasa Inggris dan Regulasi terkait VAT Refund ;Pusat Pendidikan dan Pelatihan Pajak;2018
Lokakarya Compliance Risk Management;Pusat Pendidikan dan Pelatihan Pajak;2019
Lokakarya Compliance Risk Management (CRM) Wajib Pajak (WP) Badan Usaha Milik Negara (BUMN);Pusat Pendidikan dan Pelatihan Pajak;2019
Lokakarya CRM;Pusat Pendidikan dan Pelatihan Pajak;2018
Lokakarya Eksekutif Manajemen Pengendalian Pemeriksaan;Pusat Pendidikan dan Pelatihan Pajak;2019
Lokakarya Eksekutif Pemeriksaan;Pusat Pendidikan dan Pelatihan Pajak;2018
Lokakarya Implikasi Omnibus Law dalam Perpajakan;Pusat Pendidikan dan Pelatihan Pajak;2019
Lokakarya Improving Your Tax Research Skill;Pusat Pendidikan dan Pelatihan Pajak;2018
Lokakarya Improving Your Tax Research Skill : Data Analysis;Pusat Pendidikan dan Pelatihan Pajak;2018
Lokakarya Jarak Jauh Compliance Risk Management Keberatan;Pusat Pendidikan dan Pelatihan Pajak;2021
Lokakarya Jarak Jauh Compliance Risk Management Penegakan Hukum;Pusat Pendidikan dan Pelatihan Pajak;2021
Lokakarya Jarak Jauh Compliance Risk Management Penilaian;Pusat Pendidikan dan Pelatihan Pajak;2021
Lokakarya Joint Program;Pusat Pendidikan dan Pelatihan Pajak;2019
Lokakarya Kebijakan Perpajakan Terkini;Pusat Pendidikan dan Pelatihan Pajak;2019
Lokakarya Manajemen Penggalian Potensi Pajak Usaha Perdagangan:  E-Commerce;Pusat Pendidikan dan Pelatihan Pajak;2019
Lokakarya Mengamankan Potensi Pajak dari Manipulasi Transfer Pricing;Pusat Pendidikan dan Pelatihan Pajak;2018
Lokakarya Pembekalan Secondment ;Pusat Pendidikan dan Pelatihan Pajak;2019
Lokakarya Pemeriksaan Batubara;Pusat Pendidikan dan Pelatihan Pajak;2018
Lokakarya Pemeriksaan Wajib Pajak Kontraktor Kontrak Kerja Sama Minyak dan Gas Bumi ;Pusat Pendidikan dan Pelatihan Pajak;2019
Lokakarya Penanganan Perkara DJP-DJBC;Pusat Pendidikan dan Pelatihan Pajak;2019
Lokakarya Penggalian Potensi di Wilayah Kanwil DJP Sumatera Selatan dan Kepulauan Bangka Belitung;Pusat Pendidikan dan Pelatihan Pajak;2018
Lokakarya Penggalian Potensi Pajak Usaha Perdagangan: E-Commerce untuk Account Representatives;Pusat Pendidikan dan Pelatihan Pajak;2019
Lokakarya Pengusulan dan Kolaborasi Pemeriksaan Bukti Permulaan;Pusat Pendidikan dan Pelatihan Pajak;2024
Lokakarya Penilaian Dalam Rangka Optimalisasi Pengelolaan PBB P2 Dan PBB Sektor Perkebunan Di Luar Kawasan Kegiatan Usaha Perkebunan Yang Sudah Dikenakan PBB P3;Pusat Pendidikan dan Pelatihan Pajak;2019
Lokakarya Penilaian Properti;Pusat Pendidikan dan Pelatihan Pajak;2019
Lokakarya Penyamaan Materi DTSS Petugas Tempat Pelayanan Terpadu (TPT);Pusat Pendidikan dan Pelatihan Pajak;2018
Lokakarya Penyamaan Materi Pelatihan Teknis Pajak Dasar;Pusat Pendidikan dan Pelatihan Pajak;2019
Lokakarya Penyamaan Materi PTPD;Pusat Pendidikan dan Pelatihan Pajak;2019
Lokakarya Perpajakan untuk Dosen PKN STAN;Pusat Pendidikan dan Pelatihan Pajak;2019
Lokakarya Perpajakan untuk Widyaiswara;Pusat Pendidikan dan Pelatihan Pajak;2018
Lokakarya Pertambangan Batubara;Pusat Pendidikan dan Pelatihan Pajak;2019
Lokakarya Petugas Sidang dan Penelaah Keberatan;Pusat Pendidikan dan Pelatihan Pajak;2018
Lokakarya Proses Bisnis DJP untuk Pegawai Direktorat Jenderal Bea dan Cukai;Pusat Pendidikan dan Pelatihan Pajak;2018
Lokakarya Teknik dan Metode Pencarian untuk Menemukan Bukti Permulaan;Pusat Pendidikan dan Pelatihan Pajak;2022
Lokakarya The Role of OECD in Internasional Taxation;Pusat Pendidikan dan Pelatihan Pajak;2019
Lokakarya Tindak Pidana di Bidang Pajak;Pusat Pendidikan dan Pelatihan Pajak;2018
Open Access Perpajakan I: E-learning Ketentuan Umum dan Tata Cara Perpajakan;Pusat Pendidikan dan Pelatihan Pajak;2024
Open Access Perpajakan I: E-learning Pajak Bumi dan Bangunan Sektor P5L dan Bea Meterai;Pusat Pendidikan dan Pelatihan Pajak;2024
Open Access Perpajakan I: E-learning Pajak Karbon;Pusat Pendidikan dan Pelatihan Pajak;2024
Open Access Perpajakan I: E-learning Pajak Pemotongan dan Pemungutan Pajak Penghasilan;Pusat Pendidikan dan Pelatihan Pajak;2024
Open Access Perpajakan I: E-learning Pajak Penghasilan;Pusat Pendidikan dan Pelatihan Pajak;2024
Open Access Perpajakan I: E-learning Pajak Pertambahan Nilai dan Pajak Penjualan atas Barang Mewah;Pusat Pendidikan dan Pelatihan Pajak;2024
Open Access Perpajakan I: E-learning Pengantar Pajak Internasional;Pusat Pendidikan dan Pelatihan Pajak;2024
Open Class Kupas Tuntas SPT: Seluk Beluk dan Simulasi Pelaporan melalui e-form;Pusat Pendidikan dan Pelatihan Pajak;2021
Open Class Seri V Pemulihan Ekonomi Nasional (PEN):Insentif Pajak di Masa Pandemi Covid19, Pemanfaatan, Pengajuan, dan Pelaporan;Pusat Pendidikan dan Pelatihan Pajak;2020
Open Class SIAK Seri IX : Proses Bisnis dan Penggalian Potensi Perkebunan Kelapa Sawit dan Industri Pengolahan Kelapa Sawit;Pusat Pendidikan dan Pelatihan Pajak;2023
Open Class: Refleksi dan Tantangan Pasca Dua Bulan Pemberlakuan Undang-Undang Harmonisasi Peraturan Perpajakan, Selanjutnya Apa?;Pusat Pendidikan dan Pelatihan Pajak;2022
Pelatihan Ahli Persidangan Forensik Digital Perpajakan (Blended Learning);Pusat Pendidikan dan Pelatihan Pajak;2023
Pelatihan Fungsional Pemeriksa Ahli;Pusat Pendidikan dan Pelatihan Pajak;2023
Pelatihan Fungsional Pemeriksa Dasar;Pusat Pendidikan dan Pelatihan Pajak;2018
Pelatihan Fungsional Pemeriksa Menengah;Pusat Pendidikan dan Pelatihan Pajak;2019
Pelatihan Fungsional Pemeriksa Tinggi;Pusat Pendidikan dan Pelatihan Pajak;2019
Pelatihan Fungsional Penilai Pajak Dasar;Pusat Pendidikan dan Pelatihan Pajak;2019
Pelatihan Jarak Jauh Account Representative;Pusat Pendidikan dan Pelatihan Pajak;2022
Pelatihan Jarak Jauh Account Representative Dasar;Pusat Pendidikan dan Pelatihan Pajak;2021
Pelatihan Jarak Jauh Account Representative Kewilayahan;Pusat Pendidikan dan Pelatihan Pajak;2022
Pelatihan Jarak Jauh Administrasi Penagihan Pajak;Pusat Pendidikan dan Pelatihan Pajak;2024
Pelatihan Jarak Jauh Administrasi Penegakan Hukum;Pusat Pendidikan dan Pelatihan Pajak;2021
Pelatihan Jarak Jauh Administrator Sistem Dasar;Pusat Pendidikan dan Pelatihan Pajak;2020
Pelatihan Jarak Jauh Administrator Sistem I;Pusat Pendidikan dan Pelatihan Pajak;2022
Pelatihan Jarak Jauh Administrator Sistem II;Pusat Pendidikan dan Pelatihan Pajak;2022
Pelatihan Jarak Jauh Administrator Sistem Lanjutan;Pusat Pendidikan dan Pelatihan Pajak;2020
Pelatihan Jarak Jauh Ahli Perpajakan;Pusat Pendidikan dan Pelatihan Pajak;2021
Pelatihan Jarak Jauh Ahli Persidangan Forensik Digital Perpajakan;Pusat Pendidikan dan Pelatihan Pajak;2021
Pelatihan Jarak Jauh Akuntansi Pajak;Pusat Pendidikan dan Pelatihan Pajak;2023
Pelatihan Jarak Jauh ALK Lanjutan Bagi Inspektorat I;Pusat Pendidikan dan Pelatihan Pajak;2023
Pelatihan Jarak Jauh ALK Tingkat Lanjutan;Pusat Pendidikan dan Pelatihan Pajak;2020
Pelatihan Jarak Jauh Analis IDLP Dasar;Pusat Pendidikan dan Pelatihan Pajak;2020
Pelatihan Jarak Jauh Analis IDLP I;Pusat Pendidikan dan Pelatihan Pajak;2022
Pelatihan Jarak Jauh Analis IDLP II;Pusat Pendidikan dan Pelatihan Pajak;2022
Pelatihan Jarak Jauh Analisis Laporan Keuangan Perpajakan II;Pusat Pendidikan dan Pelatihan Pajak;2022
Pelatihan Jarak Jauh Analisis Penggalian Potensi Berbasis Spasial;Pusat Pendidikan dan Pelatihan Pajak;2020
Pelatihan Jarak Jauh Analitika Data Perpajakan;Pusat Pendidikan dan Pelatihan Pajak;2021
Pelatihan Jarak Jauh Calon Fungsional Pemeriksa Pajak;Pusat Pendidikan dan Pelatihan Pajak;2022
Pelatihan Jarak Jauh Crash Program Fungsional Penyuluh Pajak Dasar;Pusat Pendidikan dan Pelatihan Pajak;2021
Pelatihan Jarak Jauh Crash Program Jurusita Pajak;Pusat Pendidikan dan Pelatihan Pajak;2022
Pelatihan Jarak Jauh Data dan Informasi;Pusat Pendidikan dan Pelatihan Pajak;2020
Pelatihan Jarak Jauh Double Tax Agreement;Pusat Pendidikan dan Pelatihan Pajak;2020
Pelatihan Jarak Jauh Ekonomi Digital;Pusat Pendidikan dan Pelatihan Pajak;2020
Pelatihan Jarak Jauh Eksekutif Pemeriksaan;Pusat Pendidikan dan Pelatihan Pajak;2020
Pelatihan Jarak Jauh Encase Forensic Software;Pusat Pendidikan dan Pelatihan Pajak;2021
Pelatihan Jarak Jauh Fasilitas Perpajakan PPh Badan;Pusat Pendidikan dan Pelatihan Pajak;2023
Pelatihan Jarak Jauh Forensik Digital Perpajakan;Pusat Pendidikan dan Pelatihan Pajak;2021
Pelatihan Jarak Jauh Forensik Digital Perpajakan I;Pusat Pendidikan dan Pelatihan Pajak;2022
Pelatihan Jarak Jauh Forensik Digital Perpajakan II;Pusat Pendidikan dan Pelatihan Pajak;2021
Pelatihan Jarak Jauh Fungsional Asisten Penilai Pajak;Pusat Pendidikan dan Pelatihan Pajak;2022
Pelatihan Jarak Jauh Fungsional Asisten Penyuluh Pajak;Pusat Pendidikan dan Pelatihan Pajak;2022
Pelatihan Jarak Jauh Fungsional Asisten Penyuluh Pajak Dasar;Pusat Pendidikan dan Pelatihan Pajak;2021
Pelatihan Jarak Jauh Fungsional Pemeriksa Ahli;Pusat Pendidikan dan Pelatihan Pajak;2021
Pelatihan Jarak Jauh Fungsional Pemeriksa Dasar;Pusat Pendidikan dan Pelatihan Pajak;2021
Pelatihan Jarak Jauh Fungsional Pemeriksa Pajak di Lingkungan Kanwil DJP Jawa Tengah II dan Kanwil DJP Daerah Istimewa Yogyakarta;Pusat Pendidikan dan Pelatihan Pajak;2020
Pelatihan Jarak Jauh Fungsional Pemeriksa Pajak II;Pusat Pendidikan dan Pelatihan Pajak;2022
Pelatihan Jarak Jauh Fungsional Pemeriksa Tinggi;Pusat Pendidikan dan Pelatihan Pajak;2021
Pelatihan Jarak Jauh Fungsional Penilai Pajak;Pusat Pendidikan dan Pelatihan Pajak;2022
Pelatihan Jarak Jauh Fungsional Penilai Pajak Ahli;Pusat Pendidikan dan Pelatihan Pajak;2021
Pelatihan Jarak Jauh Fungsional Penyuluh Pajak Dasar;Pusat Pendidikan dan Pelatihan Pajak;2021
Pelatihan Jarak Jauh Hukum Pajak;Pusat Pendidikan dan Pelatihan Pajak;2023
Pelatihan Jarak Jauh Jurusita Pajak;Pusat Pendidikan dan Pelatihan Pajak;2020
Pelatihan Jarak Jauh Jurusita Pajak Daerah;Pusat Pendidikan dan Pelatihan Pajak;2020
Pelatihan Jarak Jauh Jurusita Pajak II;Pusat Pendidikan dan Pelatihan Pajak;2022
Pelatihan Jarak Jauh Jurusita Pajak Lanjutan;Pusat Pendidikan dan Pelatihan Pajak;2020
Pelatihan Jarak Jauh Kebijakan Perpajakan Terkini;Pusat Pendidikan dan Pelatihan Pajak;2021
Pelatihan Jarak Jauh Kertas Kerja Analisis Wajib Pajak;Pusat Pendidikan dan Pelatihan Pajak;2020
Pelatihan Jarak Jauh Lanjutan Double Tax Agreement;Pusat Pendidikan dan Pelatihan Pajak;2021
Pelatihan Jarak Jauh Manajemen Data dan Informasi;Pusat Pendidikan dan Pelatihan Pajak;2020
Pelatihan Jarak Jauh Manajemen Forensik Digital Perpajakan;Pusat Pendidikan dan Pelatihan Pajak;2020
Pelatihan Jarak Jauh Manajemen Keberatan dan Banding;Pusat Pendidikan dan Pelatihan Pajak;2020
Pelatihan Jarak Jauh Manajemen KP2KP;Pusat Pendidikan dan Pelatihan Pajak;2020
Pelatihan Jarak Jauh Manajemen Pelayanan;Pusat Pendidikan dan Pelatihan Pajak;2020
Pelatihan Jarak Jauh Manajemen Pemeriksaan, Penilaian, dan Penagihan;Pusat Pendidikan dan Pelatihan Pajak;2022
Pelatihan Jarak Jauh Manajemen Penagihan;Pusat Pendidikan dan Pelatihan Pajak;2020
Pelatihan Jarak Jauh Manajemen Pengawasan dan Konsultasi (Waskon) Kewilayahan;Pusat Pendidikan dan Pelatihan Pajak;2020
Pelatihan Jarak Jauh Manajemen Pengawasan dan Konsultasi I - Pelayanan;Pusat Pendidikan dan Pelatihan Pajak;2020
Pelatihan Jarak Jauh Manajemen Pengawasan Kewilayahan;Pusat Pendidikan dan Pelatihan Pajak;2022
Pelatihan Jarak Jauh Manajemen Pengawasan Strategis;Pusat Pendidikan dan Pelatihan Pajak;2022
Pelatihan Jarak Jauh Manajemen Pengendalian Mutu Pemeriksaan;Pusat Pendidikan dan Pelatihan Pajak;2020
Pelatihan Jarak Jauh Manajemen Penjaminan Kualitas Data Perpajakan;Pusat Pendidikan dan Pelatihan Pajak;2021
Pelatihan Jarak Jauh Metode dan Teknik Pemeriksaan untuk Penelaah Keberatan;Pusat Pendidikan dan Pelatihan Pajak;2023
Pelatihan Jarak Jauh Mitigasi Risiko Penilaian untuk Tujuan Perpajakan;Pusat Pendidikan dan Pelatihan Pajak;2023
Pelatihan Jarak Jauh Optimalisasi Pemanfaatan Data Sektor Kehutanan;Pusat Pendidikan dan Pelatihan Pajak;2020
Pelatihan Jarak Jauh Optimalisasi Pemanfaatan Data Sektor Perikanan Tangkap;Pusat Pendidikan dan Pelatihan Pajak;2020
Pelatihan Jarak Jauh Pajak Bumi dan Bangunan Perdesaan dan Perkotaan (PBB P2) Dasar;Pusat Pendidikan dan Pelatihan Pajak;2021
Pelatihan Jarak Jauh Pajak Dasar (Non D3 Pajak);Pusat Pendidikan dan Pelatihan Pajak;2021
Pelatihan Jarak Jauh Pajak Karbon;Pusat Pendidikan dan Pelatihan Pajak;2023
Pelatihan Jarak Jauh Pajak Menengah;Pusat Pendidikan dan Pelatihan Pajak;2020
Pelatihan Jarak Jauh PBB P2 dan BPHTB Tingkat Dasar;Pusat Pendidikan dan Pelatihan Pajak;2023
Pelatihan Jarak Jauh Pemanfaatan Data Keuangan untuk Wajib Pajak Orang Pribadi Prominen;Pusat Pendidikan dan Pelatihan Pajak;2022
Pelatihan Jarak Jauh Pemanfaatan Data Keuangan untuk WP Orang Pribadi Prominen;Pusat Pendidikan dan Pelatihan Pajak;2020
Pelatihan Jarak Jauh Pemantauan dan Evaluasi Implementasi Kebijakan Perpajakan;Pusat Pendidikan dan Pelatihan Pajak;2023
Pelatihan Jarak Jauh Pembekalan Pejabat Administrator;Pusat Pendidikan dan Pelatihan Pajak;2020
Pelatihan Jarak Jauh Pembekalan Pejabat I;Pusat Pendidikan dan Pelatihan Pajak;2022
Pelatihan Jarak Jauh Pembekalan Pejabat II;Pusat Pendidikan dan Pelatihan Pajak;2022
Pelatihan Jarak Jauh Pembekalan Pejabat Pengawas;Pusat Pendidikan dan Pelatihan Pajak;2021
Pelatihan Jarak Jauh Pembekalan Secondment di DJP-DJBC;Pusat Pendidikan dan Pelatihan Pajak;2022
Pelatihan Jarak Jauh Pembekalan Secondment DJBC-DJA;Pusat Pendidikan dan Pelatihan Pajak;2021
Pelatihan Jarak Jauh Pembekalan Secondment DJP-DJBC;Pusat Pendidikan dan Pelatihan Pajak;2020
Pelatihan Jarak Jauh Pembekalan Secondment Inspektorat Jenderal;Pusat Pendidikan dan Pelatihan Pajak;2021
Pelatihan Jarak Jauh Pembekalan Secondment Perpajakan;Pusat Pendidikan dan Pelatihan Pajak;2022
Pelatihan Jarak Jauh Pemeriksa Menengah;Pusat Pendidikan dan Pelatihan Pajak;2020
Pelatihan Jarak Jauh Pemeriksa Pajak Daerah;Pusat Pendidikan dan Pelatihan Pajak;2021
Pelatihan Jarak Jauh Pemeriksa Tinggi;Pusat Pendidikan dan Pelatihan Pajak;2020
Pelatihan Jarak Jauh Pemeriksaan Batubara;Pusat Pendidikan dan Pelatihan Pajak;2020
Pelatihan Jarak Jauh Pemeriksaan Bukti Permulaan;Pusat Pendidikan dan Pelatihan Pajak;2020
Pelatihan Jarak Jauh Pemeriksaan Bukti Permulaan I;Pusat Pendidikan dan Pelatihan Pajak;2022
Pelatihan Jarak Jauh Pemeriksaan Bukti Permulaan II;Pusat Pendidikan dan Pelatihan Pajak;2022
Pelatihan Jarak Jauh Pemeriksaan Bukti Permulaan Tingkat Dasar;Pusat Pendidikan dan Pelatihan Pajak;2021
Pelatihan Jarak Jauh Pemeriksaan Bukti Permulaan Tingkat Lanjutan;Pusat Pendidikan dan Pelatihan Pajak;2021
Pelatihan Jarak Jauh Pemeriksaan Digital Ekonomi;Pusat Pendidikan dan Pelatihan Pajak;2021
Pelatihan Jarak Jauh Pemeriksaan Ekonomi Digital;Pusat Pendidikan dan Pelatihan Pajak;2023
Pelatihan Jarak Jauh Pemeriksaan Pajak Sektor Batubara;Pusat Pendidikan dan Pelatihan Pajak;2023
Pelatihan Jarak Jauh Pemeriksaan Pajak Sektor Jasa Keuangan;Pusat Pendidikan dan Pelatihan Pajak;2023
Pelatihan Jarak Jauh Pemeriksaan Pajak Sektor Jasa Konstruksi;Pusat Pendidikan dan Pelatihan Pajak;2023
Pelatihan Jarak Jauh Pemeriksaan Pajak Sektor Perdagangan;Pusat Pendidikan dan Pelatihan Pajak;2023
Pelatihan Jarak Jauh Pemeriksaan Pajak Sektor Perdagangan Farmasi;Pusat Pendidikan dan Pelatihan Pajak;2022
Pelatihan Jarak Jauh Pemeriksaan Pajak Sektor Usaha Pertambangan Nikel;Pusat Pendidikan dan Pelatihan Pajak;2022
Pelatihan Jarak Jauh Pemeriksaan Pajak Sektor Usaha Sawit;Pusat Pendidikan dan Pelatihan Pajak;2024
Pelatihan Jarak Jauh Pemeriksaan Pajak Sektor Usaha Tekstil;Pusat Pendidikan dan Pelatihan Pajak;2022
Pelatihan Jarak Jauh Pemeriksaan Real Estate;Pusat Pendidikan dan Pelatihan Pajak;2020
Pelatihan Jarak Jauh Pemeriksaan Sawit;Pusat Pendidikan dan Pelatihan Pajak;2020
Pelatihan Jarak Jauh Pemeriksaan Wajib Pajak Kontraktor Kontrak Kerja Sama Minyak dan Gas Bumi ;Pusat Pendidikan dan Pelatihan Pajak;2020
Pelatihan Jarak Jauh Pemetaan, Penilaian NJOP, dan Penilaian Properti Kriteria I;Pusat Pendidikan dan Pelatihan Pajak;2020
Pelatihan Jarak Jauh Penagihan Pajak dengan Surat Paksa;Pusat Pendidikan dan Pelatihan Pajak;2023
Pelatihan Jarak Jauh Penanganan Data Elektronik bagi Pelaksana Administrasi Bukti Permulaan dan Penyidikan;Pusat Pendidikan dan Pelatihan Pajak;2023
Pelatihan Jarak Jauh Penanganan Perkara DJP-DJBC;Pusat Pendidikan dan Pelatihan Pajak;2020
Pelatihan Jarak Jauh Penanganan Sengketa Pajak Ekonomi Digital;Pusat Pendidikan dan Pelatihan Pajak;2022
Pelatihan Jarak Jauh Penelaah Keberatan;Pusat Pendidikan dan Pelatihan Pajak;2022
Pelatihan Jarak Jauh Penelaah Keberatan Dasar;Pusat Pendidikan dan Pelatihan Pajak;2020
Pelatihan Jarak Jauh Penelaah Keberatan II;Pusat Pendidikan dan Pelatihan Pajak;2022
Pelatihan Jarak Jauh Penelaah Keberatan Lanjutan;Pusat Pendidikan dan Pelatihan Pajak;2021
Pelatihan Jarak Jauh Penelaah Keberatan Menengah;Pusat Pendidikan dan Pelatihan Pajak;2020
Pelatihan Jarak Jauh Pengawasan Pajak Ekonomi Digital;Pusat Pendidikan dan Pelatihan Pajak;2022
Pelatihan Jarak Jauh Penggalian Potensi Berbasis Data Spasial;Pusat Pendidikan dan Pelatihan Pajak;2022
Pelatihan Jarak Jauh Penggalian Potensi Pajak Sektor Perkebunan Kelapa Sawit;Pusat Pendidikan dan Pelatihan Pajak;2024
Pelatihan Jarak Jauh Penggalian Potensi Pertambangan Nikel;Pusat Pendidikan dan Pelatihan Pajak;2022
Pelatihan Jarak Jauh Penguasaan Wilayah Dengan Optimalisasi Media Internet ;Pusat Pendidikan dan Pelatihan Pajak;2021
Pelatihan Jarak Jauh Penilai Pajak;Pusat Pendidikan dan Pelatihan Pajak;2021
Pelatihan Jarak Jauh Penilaian Bisnis dan Aset Tidak Berwujud Terkait Ekonomi Digital bagi Pejabat Fungsional Penilai Pajak;Pusat Pendidikan dan Pelatihan Pajak;2023
Pelatihan Jarak Jauh Penjenjangan Fungsional Penyuluh Pajak ;Pusat Pendidikan dan Pelatihan Pajak;2023
Pelatihan Jarak Jauh Penyidikan Tindak Pidana Pencucian Uang Yang Tindak Pidana Asalnya Tindak Pidana Di Bidang Perpajakan;Pusat Pendidikan dan Pelatihan Pajak;2020
Pelatihan Jarak Jauh Penyuluh Perpajakan;Pusat Pendidikan dan Pelatihan Pajak;2020
Pelatihan Jarak Jauh Perpajakan Internasional dan PSIAP untuk Widyaiswara ;Pusat Pendidikan dan Pelatihan Pajak;2022
Pelatihan Jarak Jauh Perpajakan untuk Pegawai Non DJP (Inspektorat Jenderal);Pusat Pendidikan dan Pelatihan Pajak;2020
Pelatihan Jarak Jauh Perpajakan untuk Pegawai Pusat Pembinaan Profesi Keuangan (PPPK) ;Pusat Pendidikan dan Pelatihan Pajak;2020
Pelatihan Jarak Jauh Pertambangan Batubara;Pusat Pendidikan dan Pelatihan Pajak;2020
Pelatihan Jarak Jauh Petugas Pemeriksa Pajak (P3);Pusat Pendidikan dan Pelatihan Pajak;2021
Pelatihan Jarak Jauh Petugas Penegakan Hukum;Pusat Pendidikan dan Pelatihan Pajak;2020
Pelatihan Jarak Jauh Petugas Tempat Pelayanan Terpadu;Pusat Pendidikan dan Pelatihan Pajak;2021
Pelatihan Jarak Jauh Prosedur Penanganan Dokumen Elektronik bagi Penyidik Pegawai Negeri Sipil (PPNS);Pusat Pendidikan dan Pelatihan Pajak;2022
Pelatihan Jarak Jauh Sistem Informasi Geografis;Pusat Pendidikan dan Pelatihan Pajak;2020
Pelatihan Jarak Jauh Strategi dan Teknik Pengawasan Guna Menyediakan Formulasi Rekomendasi Kebijakan;Pusat Pendidikan dan Pelatihan Pajak;2023
Pelatihan Jarak Jauh Tax Treaty Tingkat Dasar;Pusat Pendidikan dan Pelatihan Pajak;2020
Pelatihan Jarak Jauh Teknik Audit Berbantuan Komputer Perpajakan (TABK-Perpajakan);Pusat Pendidikan dan Pelatihan Pajak;2020
Pelatihan Jarak jauh Trainer Penagihan Pajak Daerah;Pusat Pendidikan dan Pelatihan Pajak;2023
Pelatihan Jarak Jauh Transfer Pricing Bagi Inspektorat Jenderal;Pusat Pendidikan dan Pelatihan Pajak;2023
Pelatihan Jarak Jauh Transfer Pricing Dasar;Pusat Pendidikan dan Pelatihan Pajak;2020
Pelatihan Jarak Jauh Transfer Pricing Dasar untuk Pegawai Inspektorat Jenderal;Pusat Pendidikan dan Pelatihan Pajak;2021
Pelatihan Jarak Jauh Transfer Pricing I;Pusat Pendidikan dan Pelatihan Pajak;2022
Pelatihan Jarak Jauh Transfer Pricing I bagi Fungsional Penilai Pajak;Pusat Pendidikan dan Pelatihan Pajak;2023
Pelatihan Jarak Jauh Transfer Pricing II;Pusat Pendidikan dan Pelatihan Pajak;2022
Pelatihan Jarak Jauh Transfer Pricing Lanjutan;Pusat Pendidikan dan Pelatihan Pajak;2020
Pelatihan Master Trainer Aplikasi Sistem Inti Administrasi Perpajakan (SIAP) Modul Document Management System dan Data Quality Management;Pusat Pendidikan dan Pelatihan Pajak;2023
Pelatihan Master Trainer Aplikasi Sistem Inti Administrasi Perpajakan (SIAP) Modul Keberatan dan Banding dan Non-Keberatan;Pusat Pendidikan dan Pelatihan Pajak;2023
Pelatihan Master Trainer Aplikasi Sistem Inti Administrasi Perpajakan (SIAP) Modul Knowledge Management;Pusat Pendidikan dan Pelatihan Pajak;2023
Pelatihan Master Trainer Aplikasi Sistem Inti Administrasi Perpajakan (SIAP) Modul Operational Intelligence dan Criminal Investigation;Pusat Pendidikan dan Pelatihan Pajak;2023
Pelatihan Master Trainer Aplikasi Sistem Inti Administrasi Perpajakan (SIAP) Modul Pengawasan, Pemeriksaan dan TAM-PR;Pusat Pendidikan dan Pelatihan Pajak;2023
Pelatihan Master Trainer Aplikasi Sistem Inti Administrasi Perpajakan (SIAP) Modul Pengelolaan SPT;Pusat Pendidikan dan Pelatihan Pajak;2023
Pelatihan Master Trainer Aplikasi Sistem Inti Administrasi Perpajakan (SIAP) Modul Penilaian;Pusat Pendidikan dan Pelatihan Pajak;2023
Pelatihan Master Trainer Aplikasi Sistem Inti Administrasi Perpajakan (SIAP) Modul Registrasi dan Ekstensifikasi;Pusat Pendidikan dan Pelatihan Pajak;2023
Pelatihan Master Trainer Aplikasi Sistem Inti Administrasi Perpajakan (SIAP) Modul TAM-RAS, Penagihan, dan Pembayaran;Pusat Pendidikan dan Pelatihan Pajak;2023
Pelatihan Master Trainer Aplikasi Sistem Inti Administrasi Perpajakan (SIAP) Modul Tester;Pusat Pendidikan dan Pelatihan Pajak;2023
Pelatihan Master Trainer Aplikasi Sistem Inti Administrasi Perpajakan (SIAP) Modul Third Party Data Processing dan Exchange of Information;Pusat Pendidikan dan Pelatihan Pajak;2023
Pelatihan Master Trainer Sistem Inti Administrasi (SIAP) Modul Pendaftaran, Pengelolaan SPT,  Pembayaran, dan TAM;Pusat Pendidikan dan Pelatihan Pajak;2023
Pelatihan Penilaian untuk Optimalisasi Penerimaan Pajak Daerah dan Pajak Pusat;Pusat Pendidikan dan Pelatihan Pajak;2023
Pelatihan Platform Investigasi Forensik Digital Perpajakan;Pusat Pendidikan dan Pelatihan Pajak;2024
Pelatihan Teknik Beracara di Pengadilan Pajak;Pusat Pendidikan dan Pelatihan Pajak;2024
Pelatihan Teknik Beracara di Pengadilan Pajak (Blended Learning);Pusat Pendidikan dan Pelatihan Pajak;2022
Pelatihan Teknik Pengumpulan Data dan Informasi secara Elektronik;Pusat Pendidikan dan Pelatihan Pajak;2023
Pelatihan Teknis  Manajemen Penegakan Hukum;Pusat Pendidikan dan Pelatihan Pajak;2018
Pelatihan Teknis Account Representative Dasar;Pusat Pendidikan dan Pelatihan Pajak;2019
Pelatihan Teknis Account Representative Dasar E-Learning;Pusat Pendidikan dan Pelatihan Pajak;2018
Pelatihan Teknis Account Representative Ekstensifikasi;Pusat Pendidikan dan Pelatihan Pajak;2019
Pelatihan Teknis Ahli Perpajakan;Pusat Pendidikan dan Pelatihan Pajak;2018
Pelatihan Teknis Akuntansi Pajak Dasar;Pusat Pendidikan dan Pelatihan Pajak;2019
Pelatihan Teknis Analis IDLP Dasar;Pusat Pendidikan dan Pelatihan Pajak;2019
Pelatihan Teknis Analis IDLP Lanjutan;Pusat Pendidikan dan Pelatihan Pajak;2018
Pelatihan Teknis Analisis Laporan Keuangan dan Surat Pemberitahuan (ALK dan SPT) Dasar;Pusat Pendidikan dan Pelatihan Pajak;2019
Pelatihan Teknis Aplikasi DJP;Pusat Pendidikan dan Pelatihan Pajak;2020
Pelatihan Teknis Bersama Aparat Penegak Hukum Dalam Penanganan Perkara Tindak Pidana Perpajakan;Pusat Pendidikan dan Pelatihan Pajak;2021
Pelatihan Teknis Bersama Aparat Penegak Hukum dalam Penanganan Perkara Tindak Pidana Perpajakan (Crash Program);Pusat Pendidikan dan Pelatihan Pajak;2023
Pelatihan Teknis Cooperative Compliance and Indirect Taxes and Customs Issues in Digital Economy;Pusat Pendidikan dan Pelatihan Pajak;2020
Pelatihan Teknis Ekonomi Digital;Pusat Pendidikan dan Pelatihan Pajak;2019
Pelatihan Teknis Ekonomi Digital-IBFD-CapaBuild;Pusat Pendidikan dan Pelatihan Pajak;2019
Pelatihan Teknis Forensik Digital Perpajakan;Pusat Pendidikan dan Pelatihan Pajak;2019
Pelatihan Teknis Forensik Digital Perpajakan I;Pusat Pendidikan dan Pelatihan Pajak;2024
Pelatihan Teknis Forensik Digital Perpajakan Menengah;Pusat Pendidikan dan Pelatihan Pajak;2019
Pelatihan Teknis Hukum Pajak Dasar;Pusat Pendidikan dan Pelatihan Pajak;2019
Pelatihan Teknis Juru Sita Pajak Daerah ;Pusat Pendidikan dan Pelatihan Pajak;2018
Pelatihan Teknis Juru Sita Pajak Daerah Kerja Sama Program Diklat Pusdiklat Pajak – BPPK dengan Pemerintah Provinsi Nusa Tenggara Barat Tahun 2018;Pusat Pendidikan dan Pelatihan Pajak;2018
Pelatihan Teknis Jurusita Pajak;Pusat Pendidikan dan Pelatihan Pajak;2018
Pelatihan Teknis Jurusita Pajak Daerah KSPD;Pusat Pendidikan dan Pelatihan Pajak;2019
Pelatihan Teknis Jurusita Pajak Daerah Pemerintah Provinsi Kepulauan Riau;Pusat Pendidikan dan Pelatihan Pajak;2019
Pelatihan Teknis Jurusita Pajak Lanjutan ;Pusat Pendidikan dan Pelatihan Pajak;2019
Pelatihan Teknis Ketentuan Umum dan Tata Cara Perpajakan (KUP) Dasar;Pusat Pendidikan dan Pelatihan Pajak;2019
Pelatihan Teknis Manajemen Data dan Informasi ;Pusat Pendidikan dan Pelatihan Pajak;2019
Pelatihan Teknis Manajemen Ekstensifikasi dan Penyuluhan;Pusat Pendidikan dan Pelatihan Pajak;2019
Pelatihan Teknis Manajemen KP2KP;Pusat Pendidikan dan Pelatihan Pajak;2018
Pelatihan Teknis Manajemen Pelayanan;Pusat Pendidikan dan Pelatihan Pajak;2019
Pelatihan Teknis Manajemen Pemeriksaan;Pusat Pendidikan dan Pelatihan Pajak;2019
Pelatihan Teknis Manajemen Pengawasan dan Konsultasi I (Pelayanan);Pusat Pendidikan dan Pelatihan Pajak;2019
Pelatihan Teknis Manajemen PPNS;Pusat Pendidikan dan Pelatihan Pajak;2021
Pelatihan Teknis Operator Console Pajak;Pusat Pendidikan dan Pelatihan Pajak;2018
Pelatihan Teknis Operator Console Pajak Lanjutan;Pusat Pendidikan dan Pelatihan Pajak;2018
Pelatihan Teknis Orientasi Pegawai DJP (Khusus);Pusat Pendidikan dan Pelatihan Pajak;2018
Pelatihan Teknis Orientasi untuk Pegawai Pajak;Pusat Pendidikan dan Pelatihan Pajak;2019
Pelatihan Teknis Orientasi untuk Pegawai Pajak (Khusus);Pusat Pendidikan dan Pelatihan Pajak;2020
Pelatihan Teknis Pajak Dasar;Pusat Pendidikan dan Pelatihan Pajak;2018
Pelatihan Teknis Pajak Dasar untuk Pegawai DJBC (e-learning);Pusat Pendidikan dan Pelatihan Pajak;2019
Pelatihan Teknis Pajak Menengah ;Pusat Pendidikan dan Pelatihan Pajak;2019
Pelatihan Teknis Pajak Penghasilan (PPh) Dasar;Pusat Pendidikan dan Pelatihan Pajak;2019
Pelatihan Teknis Pajak Pertambahan Nilai dan Pajak Penjualan atas Barang Mewah (PPN dan PPn BM) Dasar;Pusat Pendidikan dan Pelatihan Pajak;2019
Pelatihan Teknis PBB P2 Dasar;Pusat Pendidikan dan Pelatihan Pajak;2018
Pelatihan Teknis Pelaporan SPT Tahunan bagi ASN;Pusat Pendidikan dan Pelatihan Pajak;2019
Pelatihan Teknis Pembekalan Eselon IV;Pusat Pendidikan dan Pelatihan Pajak;2018
Pelatihan Teknis Pembekalan Pejabat Administrator;Pusat Pendidikan dan Pelatihan Pajak;2019
Pelatihan Teknis Pembekalan Pejabat Eselon III;Pusat Pendidikan dan Pelatihan Pajak;2018
Pelatihan Teknis Pembekalan Pejabat Pengawas;Pusat Pendidikan dan Pelatihan Pajak;2019
Pelatihan Teknis Pemeriksa Pajak Daerah;Pusat Pendidikan dan Pelatihan Pajak;2019
Pelatihan Teknis Pemeriksaan Bukti Permulaan;Pusat Pendidikan dan Pelatihan Pajak;2019
Pelatihan Teknis Pemetaan, Penilaian NJOP, dan Penilaian Properti Kriteria I;Pusat Pendidikan dan Pelatihan Pajak;2019
Pelatihan Teknis Pemotongan dan Pemungutan Pajak Penghasilan (Potput PPh) Dasar;Pusat Pendidikan dan Pelatihan Pajak;2019
Pelatihan Teknis Penelaah Keberatan Dasar;Pusat Pendidikan dan Pelatihan Pajak;2019
Pelatihan Teknis Penelaah Keberatan Menengah;Pusat Pendidikan dan Pelatihan Pajak;2019
Pelatihan Teknis Penggalian Potensi Pajak (ALK & SPT);Pusat Pendidikan dan Pelatihan Pajak;2019
Pelatihan Teknis Pengumpulan Data dan/atau Informasi;Pusat Pendidikan dan Pelatihan Pajak;2022
Pelatihan Teknis Pengumpulan Data dan/atau Informasi Dasar;Pusat Pendidikan dan Pelatihan Pajak;2019
Pelatihan Teknis Pengumpulan Data dan/atau Informasi Dasar Bagi Manajemen Eksekutif;Pusat Pendidikan dan Pelatihan Pajak;2021
Pelatihan Teknis Penilai Pajak;Pusat Pendidikan dan Pelatihan Pajak;2018
Pelatihan Teknis Penilaian Properti, Pajak Bumi, dan Bangunan (PBB) P3L, dan Bea Materai Dasar;Pusat Pendidikan dan Pelatihan Pajak;2019
Pelatihan Teknis Penyidikan Tindak Pidana Pencucian Uang yang Tindak Pidana Asalnya Tindak Pidana di Bidang Perpajakan;Pusat Pendidikan dan Pelatihan Pajak;2018
Pelatihan Teknis Penyuluh Perpajakan;Pusat Pendidikan dan Pelatihan Pajak;2019
Pelatihan Teknis Perpajakan dalam Rangka Penyusunan Kebijakan Pajak Daerah;Pusat Pendidikan dan Pelatihan Pajak;2019
Pelatihan Teknis Perpajakan Internasional Dasar;Pusat Pendidikan dan Pelatihan Pajak;2019
Pelatihan Teknis Perpajakan Internasional Tingkat Dasar;Pusat Pendidikan dan Pelatihan Pajak;2019
Pelatihan Teknis Perpajakan untuk Pegawai non DJP;Pusat Pendidikan dan Pelatihan Pajak;2018
Pelatihan Teknis Perpajakan untuk Pegawai Non DJP (Inspektorat Jenderal);Pusat Pendidikan dan Pelatihan Pajak;2019
Pelatihan Teknis Petugas Pemeriksa Pajak (P3);Pusat Pendidikan dan Pelatihan Pajak;2019
Pelatihan Teknis Petugas Penegakan Hukum;Pusat Pendidikan dan Pelatihan Pajak;2018
Pelatihan Teknis Petugas Tempat Pelayanan Terpadu;Pusat Pendidikan dan Pelatihan Pajak;2019
Pelatihan Teknis Proses Bisnis DJP;Pusat Pendidikan dan Pelatihan Pajak;2019
Pelatihan Teknis Proses Bisnis DJP untuk Pegawai Inspektorat Jenderal;Pusat Pendidikan dan Pelatihan Pajak;2019
Pelatihan Teknis Tax Treaty Tingkat Dasar;Pusat Pendidikan dan Pelatihan Pajak;2019
Pelatihan Teknis Teknik Audit Berbantuan Komputer (TABK) Perpajakan;Pusat Pendidikan dan Pelatihan Pajak;2019
Pelatihan Teknis Teknik Audit Berbantuan Komputer Perpajakan bagi Pegawai Inspektorat Jenderal Kementerian Keuangan;Pusat Pendidikan dan Pelatihan Pajak;2018
Pelatihan Teknis Tindak Pidana Perpajakan (Untuk Hakim, Jaksa, Polisi, dan Penyidik);Pusat Pendidikan dan Pelatihan Pajak;2019
Pelatihan Teknis Transfer Pricing Dasar;Pusat Pendidikan dan Pelatihan Pajak;2020
Pelatihan Teknis Transfer Pricing Tingkat Dasar Kerjasama DJP dan OECD;Pusat Pendidikan dan Pelatihan Pajak;2019
Pelatihan Trainer Sistem Inti Administrasi Perpajakan (SIAP) Modul Pendaftaran, Pengelolaan SPT, Pembayaran, dan TAM;Pusat Pendidikan dan Pelatihan Pajak;2023
"Seminar Digital KCOC ""Kenapa Harus Lapor SPT?""";Pusat Pendidikan dan Pelatihan Pajak;2021
"Seminar Digital KCOC ""Perasaan Bisa Diungkapkan, Harta Kekayaan pun Bisa Diungkapkan""";Pusat Pendidikan dan Pelatihan Pajak;2022
"Seminar Digital KCOC ""Peraturan Pelaksanaan Undang-Undang Cipta Kerja di Bidang Pajak Pertambahan Nilai (PPN)""";Pusat Pendidikan dan Pelatihan Pajak;2021
"Seminar Digital KCOC ""PPS: It's My Dream, Not Theirs!""";Pusat Pendidikan dan Pelatihan Pajak;2022
"Seminar Digital KCOC ""Sosialisasi Undang-Undang Harmonisasi Peraturan Perpajakan""";Pusat Pendidikan dan Pelatihan Pajak;2022
"Seminar Digital KCOC ""Ungkap, Lengkap, Lelap""";Pusat Pendidikan dan Pelatihan Pajak;2022
"Seminar Digital KCOC ""Yesterday and Today"" in International Taxation";Pusat Pendidikan dan Pelatihan Pajak;2021
"Seminar Digital Kemenkeu Corporate University Open Class ""Sinergitas Penggalian Potensi Pajak Pusat dan Daerah Melalui Penilaian untuk Tujuan Perpajakan";Pusat Pendidikan dan Pelatihan Pajak;2022
"Seminar Digital Kemenkeu Corporate University Open Class (KCOC) Kemenkeu Satu “Menyongsong era Nomor Induk Kependudukan (NIK) Sebagai Nomor Pokok Wajib Pajak (NPWP) dan Penjelasan Pengenaan Pajak Penghasilan 5 Persen Atas Gaji Rp 5.000.000,-""";Pusat Pendidikan dan Pelatihan Pajak;2023
"Seminar Digital Kemenkeu Corporate University Open Class (KCOC) Kemenkeu Satu “Pengisian SPT Tahunan PPH Orang Pribadi bagi ASN dan TNI/POLRI""";Pusat Pendidikan dan Pelatihan Pajak;2024
Seminar Digital Kemenkeu Corporate University Open Class “E-Meterai: Pajak atas Dokumen Elektronik” ;Pusat Pendidikan dan Pelatihan Pajak;2021
Seminar Digital Kemenkeu Corporate University Open Class “Esensi Storytelling dalam Presentasi”;Pusat Pendidikan dan Pelatihan Pajak;2021
"Seminar Digital Kemenkeu Corporate University Open Class Ampera Bersatu Episode 3: ""Fungsi Pelayanan dan Pengawasan Perpajakan""";Pusat Pendidikan dan Pelatihan Pajak;2022
Seminar Digital Kemenkeu Corporate University Open Class NgobrasKeun: Ngobrol Asyik dan Santai Keuangan Negara Seri 2: Harmonisasi Peraturan Perpajakan Seri 2 (PPS);Pusat Pendidikan dan Pelatihan Pajak;2022
Seminar Digital Kemenkeu Corporate University Open Class: Kupas Tuntas Mengenai Program Pengungkapan Sukarela (PPS);Pusat Pendidikan dan Pelatihan Pajak;2022
Seminar Digital Kemenkeu Corporate University Open Class: Penilaian Tujuan Khusus;Pusat Pendidikan dan Pelatihan Pajak;2021
Seminar Digital Kemenkeu Corporate University Open Class: Potensi Energi Terbarukan;Pusat Pendidikan dan Pelatihan Pajak;2021
Seminar Digital Kemenkeu Corporate University Open Class: Ungkap Saja, Mumpung Ada PPS;Pusat Pendidikan dan Pelatihan Pajak;2021
Seminar Digital Kemenkeu Corporate University Talk  “Bea Meterai di Era Digital: Apa dan Bagaimana?”;Pusat Pendidikan dan Pelatihan Pajak;2020
Seminar Digital Kemenkeu Corporate University Talk: Dampak Insentif PPnBM Terhadap Harga Mobil;Pusat Pendidikan dan Pelatihan Pajak;2021
Seminar Hasil Kajian Akademis Pusdiklat Pajak Tahun Anggaran 2022 - Agus Suharsono dan Destiny Wulandari;Pusat Pendidikan dan Pelatihan Pajak;2022
Seminar Hasil Kajian Akademis Pusdiklat Pajak Tahun Anggaran 2022 - I Wayan Sukada;Pusat Pendidikan dan Pelatihan Pajak;2022
Seminar Hasil Kajian Akademis Pusdiklat Pajak Tahun Anggaran 2022 - Irawan Purwo Aji;Pusat Pendidikan dan Pelatihan Pajak;2022
Seminar Insentif Pajak untuk Wajib Pajak Terdampak Pendemi Covid-19;Pusat Pendidikan dan Pelatihan Pajak;2020
Seminar Kemandirian Desa untuk Mendukung Penerimaan Negara;Pusat Pendidikan dan Pelatihan Pajak;2019
Seminar Penegakan Hukum Perpajakan: Sinergi Aparat Penegak Hukum dalam Penanganan Tindak Pidana di Bidang Perpajakan;Pusat Pendidikan dan Pelatihan Pajak;2023
Seminar Penerapan PPN Produk Digital Luar Negeri di Indonesia;Pusat Pendidikan dan Pelatihan Pajak;2020
Seminar Proposal Kajian Akademis Analisis Data Teks Eksploratif Dalam  Pengawasan Dan Pemeriksaan Pajak;Pusat Pendidikan dan Pelatihan Pajak;2023
Seminar Proposal Kajian Akademis KEWENANGAN DIREKTUR JENDERAL PAJAK MELAKUKAN TINDAKAN PENAGIHAN PAJAK BERUPA PEMBLOKIRAN ASET PERUSAHAAN CABANG DIKAITKAN DENGAN HUBUNGAN ANTARA PERUSAHAAN PUSAT DAN CABANG;Pusat Pendidikan dan Pelatihan Pajak;2023
Seminar Proposal Kajian Akademis NJOP Tubuh Bumi Operasi Produksi PBB Sektor Pertambangan Mineral Dan Batubara Yang Memiliki Smelter Terintegrasi (PT. Vale Indonesia Tbk);Pusat Pendidikan dan Pelatihan Pajak;2023
ToT Aplikasi SIAP Role Data (PKD dan DP3);Pusat Pendidikan dan Pelatihan Pajak;2023
ToT Aplikasi SIAP Role Fungsional Pemeriksa Pajak;Pusat Pendidikan dan Pelatihan Pajak;2023
ToT Aplikasi SIAP Role SUKI/Umum ;Pusat Pendidikan dan Pelatihan Pajak;2023
TOT Forensik Digital Perpajakan ;Pusat Pendidikan dan Pelatihan Pajak;2020
Training of Trainer E-Audit Perpajakan;Pusat Pendidikan dan Pelatihan Pajak;2024
Training of Trainers (ToT) Teknik Pengamatan;Pusat Pendidikan dan Pelatihan Pajak;2023
Webinar in Cooperation with OECD Series 1: Digital Taxation;Pusat Pendidikan dan Pelatihan Pajak;2020
Webinar MoF - OECD Dialogue: BEPS;Pusat Pendidikan dan Pelatihan Pajak;2020
Webinar OECD Updates: Tax and Covid-19 Pandemic;Pusat Pendidikan dan Pelatihan Pajak;2020
Webinar Overview Sistem Inti Administrasi Perpajakan (SIAP) dan Tax Account Management-Taxpayer Portal;Pusat Pendidikan dan Pelatihan Pajak;2023
Webinar: MoF - OECD Dialogue: Current Update in Digital Economy;Pusat Pendidikan dan Pelatihan Pajak;2020
Webinar: MoF - OECD Dialogue: Exchange of Information (EOI);Pusat Pendidikan dan Pelatihan Pajak;2020
Webinar: MoF - OECD Dialogue: Tax Treaty (MLI Implementation);Pusat Pendidikan dan Pelatihan Pajak;2020
Webinar: MoF - OECD Dialogue: Transfer Pricing Guidelines;Pusat Pendidikan dan Pelatihan Pajak;2020
Workshop  Forensik Digital Perpajakan untuk Inspektorat Jenderal;Pusat Pendidikan dan Pelatihan Pajak;2020
WORKSHOP FROM HOME JOIN INVESTIGASI PENINDAKAN PERKARA DJP - DJBC DAN BANTUAN HUKUM DALAM RANGKA OPTIMALISASI PENERIMAAN NEGARA;Pusat Pendidikan dan Pelatihan Pajak;2020
Workshop Manajerial Contact Center;Pusat Pendidikan dan Pelatihan Pajak;2022
Workshop Manajerial Contact Center Peran Asesor;Pusat Pendidikan dan Pelatihan Pajak;2023
Workshop Penanganan Sengketa Pajak Dalam Bidang Transfer Pricing;Pusat Pendidikan dan Pelatihan Pajak;2022
Workshop Peningkatan Kualitas Layanan Perpajakan bagi Pemerintah Daerah;Pusat Pendidikan dan Pelatihan Pajak;2023
Workshop Rancangan Omnibus Law Perpajakan;Pusat Pendidikan dan Pelatihan Pajak;2020
